,PC1,PC2,PC3,PC4,PC5,PC6,PC7
rate,0.4124406474068815,0.523654583686274,0.03845685852748314,0.02235348293075903,0.05818228957304242,0.043598944910119376,0.04939297112736342
votes,0.5054732413959444,-0.2806740559622818,-0.03358948832836856,-0.22075091173867364,-0.13864451813043357,-0.21600015086603527,-0.20071245596842824
approx_cost,0.007028319492029388,0.008514140996498982,0.685718070981524,0.46093429790832424,-0.5024761949078497,-0.2543235976102696,0.00416091751307809
popularity_score,0.5009820924795673,-0.2737686269854878,-0.0389017710543679,-0.22782618630458687,-0.14277915652274326,-0.23273789393640182,-0.2317000857601265
locality_avg_rating,0.22174562756626232,0.05633238773369875,0.4289508315596223,0.19169124169844684,0.7721612156478616,-0.013248923778713055,-0.2757212759628528
above_locality_avg,0.26138418284131415,0.6916936796683762,-0.137487301745567,-0.03771550276795578,-0.2329105836623892,0.06379289000550727,-0.026272824957209076
rest_type_count,0.10234663420105952,-0.0269253055299961,-0.5239974558183792,0.6448509949133537,0.13721460408804492,-0.5106382075385382,0.13569399832016768
cuisine_count,0.2048919760776618,-0.2045878472098145,-0.18270723394297336,0.48030379739108775,-0.1695547132927764,0.7054650772661465,-0.35384683904821845
log_votes,0.3916742148284847,-0.21861279896387803,0.12171012516652732,0.04137177650408265,0.08041998183552984,0.26442054802216247,0.8265831303699503
